-0.03412,0.17369,-0.03389
-0.05967,0.14968,0.00863
0.00087,0.08213,-0.01534
-0.02327,0.15002,-0.00408
-0.08207,0.05833,-0.02646
-0.07161,0.06148,-0.03354
0.02853,0.06266,-0.02829
0.06106,0.08528,0.01161
-0.07822,0.06769,-0.01919
-0.03167,0.12273,-0.01430
0.00053,0.09770,-0.00064
-0.01841,0.08563,0.01091
0.03448,0.08430,0.00706
-0.07507,0.14688,-0.01514
-0.02715,0.09613,-0.02584
-0.05727,0.15441,-0.00097
0.02643,0.06778,-0.04678
-0.04987,0.09010,-0.02024
-0.04052,0.14170,-0.00153
0.01278,0.14338,-0.00379
-0.07927,0.06573,-0.01779
-0.06528,0.06358,0.03401
-0.00297,0.19237,-0.03105
-0.05349,0.15617,0.00456
-0.05022,0.14241,-0.02829
0.06598,0.06581,-0.01114
0.08313,0.09087,0.01166
0.04630,0.07863,-0.01569
-0.04532,0.16193,-0.03422
-0.07118,0.16379,-0.00514
0.04988,0.15598,-0.02117
-0.04847,0.15038,-0.03017
-0.00338,0.09473,0.00216
0.09013,0.14148,-0.00869
-0.04182,0.17530,-0.02654
0.05093,0.13688,-0.03214
0.01173,0.15412,-0.02514
0.01804,0.08632,-0.02969
-0.08067,0.16157,-0.01847
0.07543,0.07583,0.02278
0.05676,0.11363,-0.00624
0.05396,0.14793,-0.02234
0.08523,0.12693,-0.01114
0.07053,0.07337,0.00033
-0.09992,0.14092,-0.00575
-0.09747,0.14863,-0.00278
-0.01067,0.05798,0.01441
-0.08767,0.16612,-0.01472
-0.05197,0.11789,0.00566
-0.05232,0.14338,-0.02840
0.03553,0.14092,-0.03495
-0.01650,0.13112,-0.01709
-0.02852,0.08142,0.01091
-0.03868,0.10908,-0.01464
0.03238,0.07406,0.02631
-0.02817,0.09752,-0.00274
0.05723,0.10314,-0.01709
-0.06737,0.07092,0.02036
0.03015,0.07477,0.01721
0.04005,0.07432,0.01338
-0.02747,0.05448,-0.02171
-0.05641,0.14489,-0.02023
-0.08276,0.07443,0.00811
-0.07542,0.15211,0.00216
-0.02712,0.14163,-0.00860
0.04659,0.09928,0.02526
0.01558,0.08248,-0.00922
-0.05897,0.07233,0.03978
0.02678,0.10314,-0.00834
-0.03032,0.09678,-0.00786
-0.05477,0.16123,0.00705
-0.03622,0.09613,-0.01403
-0.09257,0.16360,-0.01044
-0.00927,0.18718,-0.03004
0.03526,0.11973,0.00657
0.04813,0.05448,-0.00478
-0.04607,0.05704,-0.00108
0.00880,0.06182,0.00952
0.01733,0.09298,-0.02374
-0.08277,0.16578,0.01339
-0.06758,0.06778,0.01791
0.00254,0.15423,-0.01989
-0.04987,0.12483,0.00357
0.07683,0.12415,-0.01709
-0.05680,0.13253,-0.02094
-0.06737,0.09473,-0.02747
-0.03237,0.09437,0.00006
-0.09957,0.17347,-0.00657
-0.10202,0.15875,0.01161
-0.06632,0.15072,-0.02132
0.03238,0.12273,-0.02689
0.09363,0.13778,-0.01174
0.07158,0.06219,-0.00904
0.03063,0.08770,0.00846
0.00508,0.10662,-0.03026
-0.04427,0.18349,-0.03564
-0.00787,0.06847,-0.00191
0.01827,0.07275,-0.03840
0.02871,0.12937,-0.02969
-0.01137,0.10873,0.00152
0.07170,0.05412,-0.00694
-0.02152,0.16753,-0.00620
-0.05124,0.09717,0.01021
0.01488,0.06498,0.00915
0.02783,0.05393,-0.00764
-0.07332,0.07093,-0.02065
0.04707,0.08038,-0.03074
-0.03202,0.08124,0.01616
-0.02187,0.05622,0.02584
0.03238,0.08478,0.02176
-0.03797,0.12587,-0.00159
0.00578,0.11398,-0.03309
-0.00105,0.12762,-0.03389
-0.02871,0.16332,-0.02654
-0.03889,0.16053,-0.03809
0.06304,0.08846,0.00392
-0.01557,0.07333,-0.02899
0.07333,0.07898,-0.00142
0.02748,0.08726,0.00881
0.07069,0.07128,-0.00449
-0.04182,0.10559,-0.01464
-0.02152,0.07303,0.01125
0.00645,0.15702,-0.01919
0.05990,0.06707,-0.01814
0.02185,0.08388,0.00846
0.05093,0.10130,-0.00764
-0.00227,0.15072,-0.02170
-0.02957,0.05351,0.00461
-0.02152,0.18293,-0.02825
-0.06767,0.06707,0.01966
-0.05703,0.14155,-0.02399
0.03938,0.07512,-0.03328
-0.00262,0.10802,-0.03415
0.03168,0.05383,0.00741
-0.01697,0.08668,0.01075
-0.08102,0.15198,0.00496
-0.05057,0.11117,0.00622
0.03343,0.05536,0.02456
-0.02318,0.14858,-0.00982
-0.07871,0.15072,0.00844
-0.08347,0.07149,-0.01184
0.05723,0.05797,0.02207
0.03553,0.06323,-0.04867
-0.06527,0.05482,0.02981
-0.09432,0.14863,-0.00449
-0.02304,0.14583,-0.01674
-0.09082,0.17417,-0.00519
-0.02467,0.18293,-0.01969
-0.01837,0.06813,-0.02825
-0.05617,0.12973,-0.00014
-0.03657,0.14835,0.00111
-0.06665,0.16962,0.00881
-0.01469,0.06008,-0.01639
-0.03867,0.19340,-0.02234
-0.02853,0.12080,-0.01713
-0.05312,0.14368,-0.01784
0.02147,0.06323,0.02036
-0.06422,0.05492,0.00636
-0.06511,0.05937,-0.01989
-0.04390,0.11117,-0.00274
0.01698,0.06603,0.00682
0.03762,0.07426,0.01297
0.04288,0.07164,0.01756
0.07367,0.06673,-0.00309
0.00193,0.13148,-0.03428
-0.06568,0.17208,-0.02409
0.03978,0.07830,0.01478
0.05478,0.14476,-0.01254
-0.07867,0.17663,-0.00029
-0.06002,0.05518,0.00833
0.05300,0.15002,-0.02234
0.01768,0.12937,-0.00540
-0.06667,0.16612,-0.02350
0.03448,0.05798,-0.04369
0.03133,0.08651,0.00706
-0.04007,0.06036,-0.03949
0.05898,0.06852,-0.01359
0.02433,0.10485,-0.02199
0.05128,0.07598,-0.02479
0.04425,0.05746,0.00008
0.04428,0.07100,0.01896
0.03728,0.05763,-0.04369
-0.05652,0.17488,0.00522
-0.07927,0.09681,0.00951
0.00928,0.06307,0.01826
-0.04742,0.05658,0.02701
-0.07121,0.08457,-0.03074
-0.03074,0.13217,-0.00694
-0.02699,0.07723,0.01126
-0.08321,0.10278,-0.00134
0.03453,0.09052,0.02316
-0.06667,0.06041,0.02246
0.06038,0.06392,0.02496
0.03763,0.10138,-0.03442
0.08698,0.12859,-0.01114
-0.03272,0.11853,-0.01842
-0.03867,0.07227,-0.02969
-0.07157,0.08207,-0.02969
-0.05967,0.16601,0.00986
-0.02405,0.10487,-0.00659
0.02158,0.06182,0.02211
-0.05582,0.07616,0.03331
0.04749,0.05307,-0.01254
0.01488,0.09016,-0.01516
-0.05372,0.10977,-0.02339
-0.01907,0.15213,-0.01113
-0.02585,0.12698,-0.02136
-0.02493,0.14612,-0.01022
-0.01347,0.16057,-0.01169
-0.03412,0.12249,-0.02164
0.05284,0.06567,-0.02969
-0.01495,0.12829,-0.01238
0.09293,0.14890,-0.00764
-0.02992,0.17908,-0.01815
-0.06632,0.15300,0.00111
0.06598,0.10768,-0.01097
-0.03902,0.09753,-0.01129
0.03238,0.05481,0.00916
-0.08207,0.17421,0.01056
0.00740,0.06006,0.00556
0.01154,0.06532,0.00881
-0.07717,0.17033,-0.00826
0.00228,0.14233,-0.00543
0.04183,0.12623,-0.00188
0.04953,0.06286,-0.03214
0.00785,0.10172,-0.02234
-0.03517,0.13357,-0.00273
0.01173,0.15702,-0.01919
-0.03972,0.09147,0.00706
-0.05484,0.14491,-0.02120
-0.02747,0.05482,-0.03669
-0.02957,0.12202,-0.01975
-0.08579,0.15084,-0.00505
0.01138,0.06323,0.02542
-0.04707,0.10849,0.00146
-0.05491,0.15634,0.00319
-0.01032,0.06331,-0.00484
0.05408,0.13710,-0.00624
-0.09922,0.14973,0.01511
0.06334,0.06603,-0.01359
0.07928,0.13007,-0.01021
-0.02747,0.05693,-0.02444
0.01733,0.07723,0.00636
0.08044,0.11223,-0.00554
-0.06807,0.14267,-0.01622
-0.05477,0.12726,0.00216
0.02153,0.07162,-0.03175
0.03514,0.06498,-0.04404
0.03829,0.09544,-0.00327
-0.08732,0.14051,-0.00029
0.07228,0.05552,-0.00379
-0.05267,0.09321,0.01826
0.01484,0.07728,-0.00134
0.07053,0.12308,-0.00684
-0.01732,0.12135,-0.02164
-0.05022,0.17797,-0.03564
-0.05827,0.17033,0.00418
-0.08100,0.06918,-0.02759
0.01118,0.15877,-0.02059
-0.04010,0.11607,-0.02164
-0.07155,0.12133,-0.00554
-0.05758,0.14513,-0.00589
-0.08557,0.17720,0.00846
0.03989,0.07841,0.01484
-0.10272,0.15843,0.00833
-0.04147,0.06778,0.02557
0.04988,0.09686,-0.02654
-0.03237,0.05762,0.02071
-0.05267,0.06648,-0.03599
0.05641,0.14477,-0.02269
-0.02655,0.16228,-0.04299
-0.04182,0.12223,0.00041
0.02258,0.06320,0.01791
0.02853,0.05393,-0.00414
0.00333,0.09997,-0.02842
-0.03456,0.05688,-0.00781
-0.02545,0.10157,-0.00442
-0.03097,0.05727,-0.02589
-0.07132,0.17067,-0.01814
-0.04392,0.09473,0.00318
-0.03412,0.09431,-0.00519
-0.02942,0.16018,-0.02934
0.04678,0.15177,-0.01464
0.08733,0.14267,-0.01369
-0.00087,0.13812,-0.00440
-0.03272,0.16892,-0.04020
0.01628,0.14652,-0.00432
0.03008,0.07583,0.02071
0.04498,0.14579,-0.03179
-0.08805,0.17154,0.00421
-0.05617,0.05336,0.02596
-0.03412,0.14319,-0.00274
0.00853,0.06282,0.00339
0.06353,0.12062,-0.01948
-0.05337,0.14390,-0.01009
-0.04004,0.18083,-0.03599
0.08241,0.14372,-0.01429
-0.02469,0.11971,-0.01579
-0.03623,0.18748,-0.02024
0.01838,0.06453,0.01091
-0.06772,0.12518,-0.01064
-0.02515,0.05448,0.01021
-0.01312,0.08737,0.00868
0.01356,0.08493,-0.02024
-0.00087,0.12617,-0.03424
-0.04969,0.17872,-0.03529
0.04183,0.11188,-0.00164
0.07788,0.11386,-0.01184
-0.01837,0.07275,0.01791
0.01698,0.09122,-0.01219
-0.08557,0.06831,-0.02829
-0.01452,0.12203,-0.00589
-0.02607,0.05340,0.02141
-0.09296,0.16855,-0.00037
0.07053,0.10908,-0.01390
-0.02572,0.10312,-0.02169
0.04182,0.09861,0.01278
0.03694,0.06813,0.02211
0.00604,0.09367,-0.01464
0.03238,0.09857,-0.03439
0.05802,0.13603,-0.02654
0.06739,0.11678,-0.00414
0.01908,0.12239,-0.02619
0.06257,0.13987,-0.01989
0.01719,0.05903,-0.00974
-0.02387,0.15388,-0.01674
-0.02992,0.17137,-0.01876
0.01208,0.15247,-0.01029
-0.06396,0.17453,-0.02304
-0.03622,0.16858,-0.03908
0.06738,0.11083,-0.00031
0.02356,0.06218,-0.02794
-0.01382,0.05658,0.00964
0.07403,0.14702,-0.01289
0.06668,0.12237,-0.01798
-0.05617,0.16013,0.00531
-0.05457,0.16997,0.00531
-0.08942,0.06112,-0.02709
0.03343,0.15247,-0.03132
0.02258,0.06149,-0.02689
-0.03519,0.05654,-0.00183
-0.07822,0.07723,0.01242
0.04498,0.08457,-0.00752
0.01065,0.11257,-0.02759
0.06843,0.05691,0.00321
0.03973,0.10837,0.01789
-0.02516,0.17958,-0.02366
0.04056,0.09645,0.01453
-0.01924,0.15411,-0.02451
-0.01006,0.07303,0.01231
0.03278,0.05908,0.01393
0.01663,0.06358,-0.00681
0.00788,0.10347,-0.00936
0.00715,0.06182,0.01651
0.04813,0.06474,-0.03424
0.07343,0.06078,-0.00729
-0.00357,0.07827,-0.00204
0.04336,0.06162,0.00474
-0.03552,0.17592,-0.02343
-0.07857,0.06078,-0.03968
-0.06667,0.07152,-0.02934
-0.05512,0.16787,0.00674
0.05793,0.06882,0.02533
-0.03688,0.17908,-0.01429
-0.05827,0.07448,0.03681
0.00942,0.10278,-0.01779
-0.02875,0.15352,-0.02969
-0.05967,0.13264,-0.01429
-0.10097,0.14188,-0.00484
-0.03237,0.17347,-0.00170
0.08733,0.14688,-0.00589
0.07333,0.12028,-0.01854
-0.01456,0.07197,-0.02794
-0.03389,0.16928,-0.02864
0.04533,0.14863,-0.02980
-0.01346,0.06498,0.00286
0.06703,0.12496,-0.00974
-0.00892,0.18957,-0.03167
-0.04714,0.11048,0.00216
-0.03832,0.08528,-0.02668
-0.01099,0.07687,0.00986
0.09328,0.14907,-0.00729
-0.09572,0.14404,-0.00554
-0.02051,0.18134,-0.02487
0.01243,0.05978,0.00846
-0.09852,0.14022,-0.00663
-0.02327,0.15598,-0.00453
0.02847,0.05343,-0.01184
-0.00850,0.09788,0.00356
-0.06352,0.08810,-0.03389
-0.05687,0.17908,-0.00360
-0.05932,0.09638,0.01406
0.00263,0.08632,-0.01074
-0.04917,0.13462,-0.00076
-0.02432,0.13044,-0.01944
-0.00507,0.13043,-0.00286
-0.06072,0.12693,-0.02084
-0.02887,0.08597,0.00938
-0.06212,0.11257,0.00884
0.07403,0.07967,0.02316
0.06808,0.12762,-0.01082
-0.08032,0.10873,-0.01042
0.00263,0.13675,-0.00309
0.03804,0.08983,0.01262
0.01793,0.07211,-0.03803
-0.05862,0.15807,-0.02643
-0.08697,0.14101,0.02176
0.01033,0.06526,0.02246
-0.06727,0.15177,-0.01044
-0.08312,0.16542,0.01007
0.03993,0.07242,0.02036
-0.03555,0.14827,0.00041
0.06262,0.10873,-0.01499
-0.04427,0.09788,-0.01302
-0.08172,0.14584,-0.01114
-0.10342,0.14704,0.00076
0.07333,0.12693,-0.00986
0.00858,0.06481,0.02316
-0.08242,0.07967,-0.01626
-0.03657,0.11432,-0.01739
0.02713,0.08422,0.01677
0.04838,0.08002,-0.00554
-0.04994,0.10522,0.00566
-0.04917,0.08289,-0.03039
-0.05939,0.15539,-0.00994
0.01313,0.12724,-0.03389
-0.00820,0.07057,0.00006
-0.05022,0.05482,0.00223
-0.02992,0.07698,0.01931
-0.03622,0.15072,-0.00039
-0.04672,0.13112,0.00120
-0.10167,0.15668,0.01315
-0.09362,0.16403,-0.00981
-0.00983,0.13357,-0.01009
-0.09677,0.15712,0.00986
-0.10377,0.15604,0.01126
0.01206,0.11292,-0.02584
-0.03462,0.17242,-0.03914
0.04099,0.08038,-0.03494
-0.00787,0.18791,-0.02934
-0.03727,0.12798,-0.02732
-0.07606,0.16525,-0.00199
-0.03902,0.15668,-0.03848
0.08768,0.12981,-0.00939
-0.09817,0.14380,0.00076
0.01838,0.07967,-0.03131
-0.05197,0.17733,-0.02335
-0.07883,0.08038,-0.01989
-0.05967,0.16717,-0.02726
0.03763,0.15773,-0.01832
-0.06387,0.14303,0.00936
-0.06947,0.16507,-0.01957
0.01418,0.06605,0.00776
0.04743,0.08107,-0.00551
-0.03376,0.12762,-0.00519
0.07823,0.10854,0.00426
-0.06772,0.15107,0.00718
0.04078,0.11013,0.01691
-0.04532,0.05475,-0.02934
-0.01242,0.05937,0.00903
-0.07157,0.07722,-0.02584
0.02083,0.07093,-0.03869
0.01698,0.15212,-0.03039
0.03973,0.06477,-0.02969
-0.00297,0.19448,-0.03051
0.04498,0.06621,0.02106
0.06174,0.13953,-0.02094
-0.06212,0.07583,0.02149
-0.01175,0.11782,-0.00134
0.04358,0.05366,0.01511
0.06738,0.11392,-0.01534
-0.04155,0.17908,-0.02304
-0.02712,0.15948,-0.02653
0.04162,0.08282,-0.00554
-0.06702,0.15668,-0.02199
-0.07472,0.16262,-0.01934
-0.03062,0.16507,-0.04095
0.06948,0.05378,-0.00377
0.01488,0.06218,0.02447
-0.07986,0.17313,0.01301
0.02661,0.06918,-0.04334
-0.03202,0.17383,-0.00185
-0.04147,0.18792,-0.01604
0.02608,0.06657,-0.03109
-0.09607,0.13829,-0.00589
0.05163,0.05518,-0.01233
0.05023,0.07609,-0.00694
0.00788,0.06498,0.01584
-0.03972,0.07443,-0.02871
0.04008,0.05420,-0.01114
-0.04602,0.16578,-0.03507
-0.08927,0.16437,-0.01464
-0.06268,0.14547,0.00356
0.04568,0.10138,-0.03268
-0.03657,0.16087,-0.00017
-0.03762,0.11678,-0.01982
0.03666,0.11257,-0.00309
-0.02907,0.14513,-0.02864
-0.04070,0.10351,-0.01109
-0.02362,0.16640,-0.04159
0.00858,0.15445,-0.02339
0.03938,0.05658,-0.02142
-0.04381,0.10733,-0.00729
0.00403,0.09473,-0.02420
0.06808,0.13778,-0.01700
0.00797,0.05898,0.00550
-0.01486,0.12842,-0.01255
-0.06842,0.06638,-0.03496
-0.03062,0.12552,-0.01399
-0.05909,0.15572,-0.00956
-0.08627,0.16711,0.01126
-0.01697,0.13182,-0.01943
0.07386,0.06288,0.01126
0.05653,0.05321,-0.00449
-0.02677,0.15807,-0.03559
-0.02642,0.12727,-0.02169
0.01525,0.07608,-0.00333
0.05478,0.14095,-0.00904
0.03810,0.06042,-0.02514
-0.02430,0.10487,-0.02269
-0.01277,0.06148,0.00811
-0.05967,0.14524,-0.00239
0.04838,0.07057,-0.02899
0.06178,0.08493,0.00288
0.08208,0.12448,-0.01341
-0.08592,0.07863,-0.00986
-0.09887,0.14442,0.00250
0.06453,0.12090,-0.01287
-0.02992,0.05622,-0.04093
0.00998,0.12377,-0.03397
0.07333,0.11853,-0.00349
0.07228,0.14863,-0.01090
-0.05652,0.08388,0.01979
0.04253,0.09473,-0.03249
-0.08802,0.16578,-0.01507
0.02619,0.09402,-0.00554
-0.00332,0.13385,-0.03144
-0.08977,0.14355,0.01756
-0.02642,0.15352,-0.00187
0.01838,0.06341,0.01791
0.04743,0.11782,-0.00182
-0.03077,0.17383,-0.04124
0.06294,0.14128,-0.01849
-0.04292,0.14128,-0.03144
-0.04147,0.09461,-0.00169
0.01974,0.07281,-0.03496
-0.09195,0.16957,0.00027
0.05198,0.10066,-0.00904
0.03063,0.15932,-0.01919
0.04338,0.05533,-0.00687
-0.08557,0.14054,0.00251
-0.01802,0.08649,0.01056
0.06703,0.13078,-0.01866
-0.07367,0.15695,-0.01884
-0.03246,0.11622,-0.01686
-0.03447,0.14442,-0.00020
-0.01732,0.07827,0.01405
0.02019,0.06052,0.00666
0.04606,0.09763,0.01513
0.04036,0.09552,0.01435
-0.03102,0.16648,-0.02724
0.06388,0.05378,0.01306
0.03343,0.08913,0.02386
0.03728,0.05327,0.00741
0.04096,0.08323,0.01508
0.03693,0.10172,-0.03437
-0.09116,0.14907,-0.00125
0.02853,0.15948,-0.01849
-0.03081,0.15247,-0.00134
0.04346,0.09274,0.01538
0.06752,0.13217,-0.01499
-0.07925,0.06603,0.00706
-0.02432,0.18293,-0.02776
0.07718,0.13917,-0.00712
0.03133,0.05471,-0.00169
-0.06597,0.17453,0.00273
-0.03062,0.18567,-0.01919
0.02328,0.05622,-0.02156
0.04190,0.07787,0.01895
-0.07734,0.11467,-0.00239
-0.06562,0.06323,-0.03268
-0.03674,0.05646,-0.00148
-0.05757,0.15406,-0.02584
-0.04987,0.09997,0.00761
-0.06459,0.06112,0.01441
-0.03069,0.11948,-0.01755
0.00193,0.09928,-0.02969
-0.05757,0.16858,0.00662
-0.02747,0.18257,-0.01855
-0.05897,0.09823,-0.02228
0.00590,0.09997,-0.02514
0.03133,0.13603,-0.03429
0.03396,0.05615,-0.00521
-0.08662,0.16714,-0.01324
0.03571,0.12393,0.00562
-0.02123,0.14786,-0.00893
0.06633,0.12911,-0.01429
-0.06457,0.08107,-0.03459
0.03378,0.05727,-0.02433
-0.03237,0.17801,-0.00589
-0.01767,0.05622,-0.01263
0.03383,0.10300,0.01705
0.04428,0.07267,-0.03494
-0.03940,0.10837,-0.01079
0.04224,0.05999,-0.00601
-0.07051,0.06988,-0.02969
-0.09646,0.13812,-0.00589
0.03802,0.09099,0.01352
-0.01277,0.18538,-0.02580
-0.02152,0.10103,-0.02860
0.04184,0.08002,-0.03459
-0.05062,0.16060,-0.00036
0.03157,0.07162,-0.04019
0.07018,0.12937,-0.01992
0.03763,0.07337,0.02631
-0.07682,0.14933,0.00655
-0.02712,0.05503,-0.02234
-0.01183,0.06498,0.00111
-0.01417,0.18513,-0.02969
0.06633,0.10418,-0.00169
-0.07680,0.08248,0.01371
0.02697,0.07863,0.01721
-0.03513,0.18538,-0.01674
0.09538,0.13794,-0.00869
-0.04946,0.15772,0.00068
0.03330,0.05583,0.00231
-0.01382,0.16556,-0.01009
-0.06239,0.16028,-0.01584
-0.00087,0.15337,-0.02059
-0.04392,0.15072,-0.03411
0.08453,0.12798,-0.01086
-0.02079,0.10558,-0.02759
-0.06282,0.05448,-0.01325
0.03973,0.10657,0.01931
0.05230,0.10383,-0.00729
-0.08102,0.14092,0.01833
0.03798,0.14793,-0.03302
-0.05512,0.06918,0.03607
0.04988,0.13392,-0.03281
0.04848,0.05780,-0.01849
-0.01137,0.06463,0.00830
-0.02677,0.16403,-0.00337
-0.00857,0.13533,-0.01009
-0.06317,0.14267,-0.01955
-0.00369,0.19168,-0.03004
-0.08207,0.06727,-0.01954
-0.03027,0.13637,-0.02764
-0.00087,0.15072,-0.01870
0.01978,0.08213,-0.03174
0.04098,0.06782,0.01210
-0.02432,0.05727,0.02570
-0.06597,0.17172,-0.02442
0.06388,0.09262,0.00250
-0.04322,0.16997,-0.03715
-0.00098,0.13323,-0.00239
0.03631,0.05933,0.00016
-0.08592,0.06087,-0.03704
0.03413,0.06392,-0.04680
-0.05722,0.16262,-0.02959
0.03541,0.09587,0.01413
0.03614,0.05412,-0.02059
0.04230,0.08703,-0.00624
-0.07717,0.17229,-0.00694
0.00158,0.08901,-0.00449
-0.07647,0.10837,-0.01744
-0.01802,0.12273,-0.01254
-0.07927,0.14076,-0.01254
-0.06387,0.05430,0.03051
0.00817,0.13603,-0.03494
-0.00962,0.13673,-0.01370
-0.05127,0.10138,0.00869
-0.02222,0.15912,-0.00353
0.06913,0.12587,-0.01914
-0.05547,0.05552,0.01751
-0.06387,0.06252,-0.03249
-0.03167,0.05309,-0.01814
-0.00997,0.07093,0.01608
0.06038,0.07372,-0.00051
-0.03743,0.14111,0.00093
0.04918,0.14793,-0.00964
0.03171,0.12798,-0.02934
0.03028,0.06218,0.02271
-0.06807,0.06809,0.01581
-0.07297,0.11959,-0.01114
-0.08502,0.15109,0.01204
0.02433,0.05433,-0.01779
-0.02244,0.12239,-0.01534
0.01943,0.06566,0.00916
-0.01693,0.08737,-0.03214
0.07495,0.07233,0.02281
0.03098,0.05833,-0.04856
-0.07960,0.08107,-0.01954
-0.05836,0.06252,-0.03564
0.00612,0.09542,-0.01079
0.07228,0.06076,0.00881
0.06353,0.08649,0.01861
0.03500,0.12097,-0.00624
-0.00908,0.07046,0.01010
0.02538,0.13319,-0.00484
-0.07472,0.15038,0.00532
0.02119,0.06307,-0.04323
0.01453,0.07967,-0.00936
-0.03622,0.19098,-0.02239
0.04517,0.08317,-0.01884
-0.01872,0.05406,0.02526
-0.08452,0.05999,-0.02444
-0.02610,0.14564,-0.00694
0.04078,0.05973,-0.02346
0.01559,0.07478,-0.00450
0.03731,0.06214,-0.00327
-0.04618,0.14338,-0.03004
0.03110,0.07827,0.02316
-0.08545,0.06288,-0.03039
-0.03697,0.12552,-0.02619
-0.07332,0.14143,-0.00099
-0.00787,0.18808,-0.03039
0.04323,0.14092,-0.03388
0.07263,0.11532,-0.00029
-0.03762,0.15565,-0.03879
0.04183,0.08737,0.03052
0.07193,0.09682,-0.00595
0.08558,0.13287,-0.01529
-0.08089,0.10627,0.00251
-0.02502,0.05338,0.02246
-0.01137,0.06288,-0.01431
0.02713,0.05321,0.00181
-0.08510,0.15038,-0.00321
0.02992,0.05552,0.00776
-0.06212,0.12898,-0.00344
0.03413,0.05327,-0.01464
0.03623,0.05588,0.01304
-0.06457,0.06242,-0.02339
-0.07682,0.14197,0.00914
-0.06247,0.07268,0.04088
-0.07157,0.17417,-0.02078
0.01694,0.06445,0.00296
0.03203,0.08388,-0.00017
0.08348,0.14530,-0.01254
0.08029,0.10873,-0.00799
-0.03727,0.07446,0.02246
-0.06562,0.05691,0.02316
-0.05967,0.17172,0.00397
0.02188,0.12466,-0.01429
-0.04917,0.06567,-0.03685
0.00333,0.09956,-0.00379
-0.02082,0.16018,-0.00518
-0.04672,0.09190,-0.01604
0.06735,0.09402,0.01546
0.01103,0.13637,-0.00238
-0.03621,0.13217,-0.00204
0.00594,0.09474,-0.01977
0.04111,0.12377,-0.03389
-0.03183,0.17625,-0.01979
-0.06352,0.15038,-0.02323
-0.01959,0.12862,-0.01710
-0.07402,0.09542,0.01293
-0.02747,0.09304,-0.02794
-0.05652,0.16962,-0.02856
-0.08417,0.17103,-0.00777
-0.06737,0.17855,-0.00309
-0.04147,0.13007,-0.02811
0.02258,0.05553,-0.00134
0.07928,0.09836,0.01266
0.07753,0.10522,0.00810
-0.00927,0.06953,-0.02131
-0.07463,0.10873,-0.01849
-0.02817,0.18293,-0.02664
-0.07340,0.16892,-0.01079
0.05652,0.10243,-0.01779
-0.05219,0.14320,-0.02073
-0.01027,0.05867,0.02071
0.01342,0.08403,-0.01353
0.08418,0.12973,-0.01464
0.04422,0.14128,-0.00344
0.04463,0.12832,-0.03426
0.02575,0.10522,-0.02479
-0.04532,0.16437,0.00337
0.07228,0.09333,-0.00414
0.05408,0.10206,-0.02514
0.03702,0.09125,0.01219
0.00613,0.09438,-0.01190
0.03793,0.05531,-0.00567
0.04393,0.14827,-0.00677
-0.00087,0.08772,-0.02622
0.03588,0.14874,-0.03354
0.06843,0.10487,-0.00974
-0.04392,0.06392,-0.03816
0.05688,0.05416,-0.01114
-0.08522,0.16367,-0.00541
-0.07055,0.12097,-0.00134
-0.04532,0.18188,-0.03777
0.04506,0.05768,0.00276
-0.08697,0.06480,-0.02724
-0.02711,0.14505,-0.00362
0.05058,0.13112,-0.00300
-0.02852,0.08947,0.00727
-0.01942,0.07268,-0.03494
-0.07647,0.16432,0.01336
-0.02327,0.11739,-0.01429
0.01240,0.07894,-0.01332
0.04638,0.05693,-0.01798
0.02328,0.13217,-0.00537
0.04918,0.07781,-0.01954
0.00298,0.08632,-0.01553
-0.01732,0.05763,-0.01652
0.00368,0.10758,-0.00169
0.05408,0.07803,0.00006
-0.04392,0.05797,0.03476
0.03661,0.10347,0.02176
-0.04207,0.10802,-0.01639
-0.02390,0.18014,-0.02598
0.04813,0.07372,0.01920
-0.06527,0.05973,-0.02022
-0.01942,0.17103,-0.00585
0.02834,0.07057,0.01931
0.04218,0.09648,-0.03318
0.04393,0.05910,-0.02164
-0.02294,0.15282,-0.01184
0.00473,0.14128,-0.00426
-0.00892,0.06770,0.01721
-0.06494,0.16787,-0.02409
0.03752,0.09753,0.02491
-0.07857,0.16779,-0.01149
-0.01890,0.05622,0.00846
0.02748,0.10068,-0.00669
0.03763,0.05295,-0.01744
-0.01312,0.13007,-0.01166
-0.05407,0.12587,0.00321
-0.02591,0.07303,0.01896
-0.08802,0.17248,0.01616
0.04778,0.08038,-0.02985
-0.07054,0.08142,-0.03074
0.04705,0.09854,0.01659
-0.06037,0.12831,-0.00064
-0.07962,0.06695,-0.03669
-0.02467,0.10451,-0.00764
0.04493,0.05448,0.01686
0.07158,0.14303,-0.01457
-0.06044,0.14421,-0.01980
-0.02327,0.13498,-0.02315
-0.01333,0.12552,-0.02514
0.08138,0.14338,-0.01498
-0.09458,0.16683,-0.00344
0.00624,0.15737,-0.02129
0.08274,0.10138,-0.00204
0.05093,0.07765,0.00986
-0.01732,0.07687,-0.03179
0.03687,0.05590,0.00403
-0.03552,0.17347,-0.00107
0.03938,0.15250,-0.00939
-0.02677,0.06918,0.02068
0.02783,0.13287,-0.03280
-0.04252,0.11398,-0.00311
-0.03585,0.12237,-0.02304
-0.08382,0.05937,-0.03781
-0.02432,0.17375,-0.00414
-0.07297,0.06532,0.01262
-0.08452,0.14934,-0.00497
-0.06667,0.14547,0.01225
-0.05838,0.09193,-0.02479
0.04373,0.07297,-0.00224
0.05735,0.05973,-0.02689
-0.04952,0.09016,-0.01989
0.03833,0.06778,-0.04029
-0.00460,0.10768,0.00216
0.03898,0.07128,0.02281
0.07921,0.07477,0.00566
-0.05547,0.16962,0.00570
0.09258,0.14539,-0.00589
-0.02957,0.05311,-0.02024
-0.00857,0.07162,-0.02236
-0.06542,0.15213,-0.02010
0.01593,0.05833,0.02438
-0.03377,0.18508,-0.02339
-0.06387,0.18013,-0.00656
-0.06037,0.09362,-0.02479
-0.07682,0.16771,-0.01149
0.01558,0.15247,-0.02967
-0.08599,0.16157,-0.01499
-0.05663,0.16403,0.00881
0.00858,0.06173,0.01033
0.02923,0.07686,0.01756
0.00893,0.11505,-0.00589
0.00823,0.06532,0.01075
-0.07122,0.15256,0.00251
0.01806,0.07321,-0.03636
0.05478,0.10873,-0.02922
-0.05897,0.11572,-0.02338
0.06038,0.11292,-0.02234
0.04482,0.08772,-0.02724
-0.02024,0.15423,-0.02304
-0.06463,0.17558,-0.02094
-0.01487,0.06387,0.02281
0.06283,0.14058,-0.01693
0.07088,0.12552,-0.01987
-0.06282,0.17994,-0.01324
0.05328,0.09823,-0.01919
0.03868,0.05448,0.00636
-0.02444,0.05343,-0.01569
-0.04742,0.08107,-0.03040
0.01348,0.13917,-0.00271
0.05337,0.09753,-0.01604
0.06423,0.13426,-0.01569
0.01208,0.12762,-0.03438
0.04059,0.09287,0.01419
0.01296,0.11713,-0.01009
-0.06667,0.06828,-0.03354
0.04745,0.09692,0.01754
-0.04567,0.18152,-0.02075
0.01926,0.08178,-0.00239
0.04220,0.08214,0.01613
0.04813,0.09286,-0.02514
0.05968,0.07723,0.02365
0.06528,0.09034,0.00006
-0.05302,0.13778,-0.00589
0.04498,0.05319,0.01476
-0.08390,0.14924,-0.00532
-0.03307,0.16997,-0.03988
0.05268,0.05378,-0.00898
-0.03737,0.05622,0.01021
-0.07900,0.10698,0.00461
-0.09535,0.16928,-0.00449
-0.02292,0.16587,-0.04299
-0.04672,0.14376,0.00321
-0.08600,0.08912,-0.01044
-0.01067,0.11678,-0.00056
-0.02152,0.05799,0.00601
0.01978,0.07863,0.00969
0.01830,0.07301,-0.03838
-0.07962,0.17383,0.00754
0.04373,0.07239,-0.00372
0.02958,0.14897,-0.03413
-0.07927,0.06742,-0.02213
-0.08382,0.05903,-0.03003
-0.07854,0.14968,-0.00484
-0.01102,0.12830,-0.00589
0.03693,0.13462,-0.03432
-0.04777,0.06813,0.03258
-0.02047,0.05833,-0.02199
0.01949,0.12136,-0.01849
-0.03587,0.05324,-0.01919
-0.02922,0.05343,-0.03658
0.08033,0.14652,-0.00659
0.02783,0.16176,-0.02199
0.05659,0.14267,-0.01289
0.03490,0.09682,0.02211
0.07473,0.06625,0.01931
0.05513,0.11678,-0.03108
0.05373,0.12483,-0.00345
-0.03692,0.18643,-0.01638
-0.04182,0.16612,0.00292
-0.05442,0.05517,-0.00659
-0.06207,0.14012,-0.02169
0.07508,0.13567,-0.00856
0.03518,0.05763,0.01338
-0.06523,0.17627,0.00356
0.05719,0.06392,-0.02514
-0.02817,0.14897,-0.02860
-0.07087,0.17668,-0.01534
0.06003,0.08388,0.01376
-0.04297,0.12623,0.00111
-0.02922,0.16157,-0.00195
0.02293,0.12762,-0.02943
-0.01067,0.10265,-0.03354
0.06493,0.09066,0.01511
0.06913,0.13853,-0.01219
-0.02277,0.14798,-0.00904
-0.02259,0.14911,-0.01013
-0.09724,0.16753,-0.00729
0.00948,0.10383,-0.02094
-0.01836,0.06148,-0.02304
-0.04656,0.06427,0.01721
-0.09082,0.15072,0.01764
-0.05722,0.17858,-0.00309
-0.04309,0.18573,-0.01569
0.04078,0.09857,-0.00343
-0.06877,0.17208,-0.00028
-0.08904,0.17417,0.01651
-0.04608,0.15423,-0.03319
0.04907,0.07898,-0.00589
0.04288,0.05327,-0.01149
0.01348,0.13778,-0.00261
-0.08767,0.17772,-0.00519
0.01805,0.06218,-0.02339
-0.01557,0.08632,-0.03208
0.03475,0.05937,-0.04229
-0.04707,0.16683,-0.03521
-0.01524,0.13737,-0.01839
-0.06632,0.16115,0.00776
-0.02282,0.14652,-0.01744
-0.03412,0.17522,-0.00242
-0.05477,0.07598,0.03506
-0.05492,0.15515,-0.00084
-0.02790,0.09910,-0.00584
0.01410,0.08317,-0.02304
0.01663,0.07758,0.00463
0.06563,0.09123,0.01600
-0.06912,0.16756,0.01371
0.04698,0.07037,-0.00307
-0.03202,0.15632,-0.00093
-0.08382,0.14513,0.01849
0.04253,0.15229,-0.01149
-0.05292,0.09402,-0.01989
0.04358,0.12623,-0.00185
0.05551,0.07162,-0.01954
0.07578,0.08668,-0.00216
-0.04322,0.16717,-0.03624
-0.05197,0.06392,0.03647
-0.02108,0.15002,-0.02479
-0.01837,0.11117,-0.00304
0.04708,0.15457,-0.01705
-0.08067,0.10627,0.00290
-0.03377,0.05288,-0.03844
0.03658,0.08597,-0.03426
0.04161,0.07513,0.02015
-0.03657,0.17400,-0.03319
0.05373,0.07303,-0.01774
0.01033,0.11676,-0.00659
-0.02203,0.11013,-0.02234
-0.07472,0.15122,-0.00589
-0.01592,0.06008,0.00803
-0.01762,0.15493,-0.00694
-0.02712,0.05366,0.02071
0.04974,0.14617,-0.02899
-0.05337,0.05361,-0.01219
-0.06667,0.14863,-0.02086
0.07403,0.09052,-0.00343
-0.04153,0.17313,-0.03739
0.02713,0.14793,-0.03463
0.06353,0.13987,-0.01836
-0.07716,0.06707,-0.03214
-0.07332,0.08248,-0.02727
0.04778,0.05518,-0.01524
-0.08627,0.06042,-0.03700
-0.04637,0.16962,0.00226
-0.02817,0.15948,-0.00164
-0.02782,0.05923,-0.02689
0.03028,0.09087,-0.03465
-0.03042,0.10412,-0.01282
0.01558,0.08388,-0.00974
-0.06422,0.16298,-0.02514
0.01383,0.05828,0.01476
0.02573,0.08772,-0.00332
-0.02502,0.15038,-0.03955
0.03815,0.06218,0.01721
0.08726,0.14688,-0.01044
0.03063,0.13883,-0.03503
0.03588,0.12832,-0.03212
0.01225,0.07698,-0.01266
-0.07439,0.07512,0.01441
0.04393,0.10522,-0.00257
0.03339,0.07128,-0.03879
0.08138,0.13533,-0.01820
0.05653,0.09892,-0.01000
-0.01767,0.07863,-0.03222
0.04183,0.14583,-0.00480
-0.08032,0.06148,-0.01789
-0.03972,0.10733,-0.01066
0.00088,0.13953,-0.00447
0.01278,0.12693,-0.03391
0.03728,0.08565,-0.03494
-0.05967,0.05588,-0.01919
0.01791,0.15143,-0.00694
-0.08277,0.10667,-0.00484
0.04743,0.15318,-0.02300
0.00753,0.06042,0.01847
-0.08125,0.15113,0.01138
0.03238,0.12133,-0.01093
-0.04213,0.06459,0.02910
0.04533,0.14338,-0.00438
-0.05926,0.14039,-0.02283
0.07508,0.10418,0.00990
0.07613,0.12412,-0.01059
-0.03241,0.17639,-0.02234
0.07508,0.07758,0.02303
-0.03113,0.16437,-0.02934
0.01221,0.11993,-0.00729
-0.04147,0.07687,0.02560
-0.02922,0.15843,-0.00116
0.07018,0.09333,-0.00264
-0.07367,0.05741,-0.00939
0.05093,0.13742,-0.00438
0.07893,0.08843,0.01793
-0.04742,0.18085,-0.01499
-0.00507,0.14267,-0.02339
0.05058,0.07337,-0.01189
-0.06597,0.13931,-0.02094
-0.04329,0.05677,0.00135
-0.03762,0.17733,-0.00227
-0.09642,0.14058,-0.00655
0.08733,0.13392,-0.01462
-0.08312,0.16787,0.01444
-0.02861,0.17839,-0.01976
0.01417,0.08646,-0.01333
0.05373,0.07318,-0.00694
0.02993,0.08597,-0.03462
0.02188,0.05799,-0.02304
-0.01102,0.18957,-0.03117
-0.06352,0.07304,-0.03214
-0.07962,0.16858,0.01591
0.02960,0.07698,-0.03765
0.03605,0.08983,0.01222
0.07613,0.14442,-0.00793
-0.03097,0.05312,-0.03109
0.05478,0.07101,-0.00834
0.03623,0.11363,-0.00336
-0.01347,0.09823,-0.03302
-0.04438,0.07827,0.02736
-0.07439,0.11678,-0.00064
-0.05541,0.16041,-0.01011
0.04398,0.10733,0.01406
-0.02441,0.16753,-0.02164
-0.01242,0.08107,0.01097
0.07893,0.13828,-0.01779
0.06038,0.08106,0.02141
-0.05232,0.05631,-0.02234
-0.01487,0.06266,0.02351
0.04813,0.07911,-0.00729
0.01978,0.14897,-0.00517
-0.05127,0.06603,0.03552
-0.09146,0.17190,0.00701
0.01453,0.06416,-0.01849
0.02013,0.13742,-0.03508
-0.04462,0.16838,-0.03634
0.00613,0.05636,0.01056
0.00368,0.08772,-0.01276
0.06353,0.11048,-0.01449
-0.07227,0.17767,-0.00698
-0.02187,0.07128,0.01651
0.00285,0.08632,-0.01289
-0.03307,0.05513,-0.00274
0.04043,0.09087,-0.03249
0.04988,0.15318,-0.01768
-0.04509,0.07898,-0.02899
-0.07333,0.06882,-0.02234
-0.03296,0.11612,-0.01462
0.05198,0.05622,-0.02115
0.02433,0.10383,-0.02409
-0.08721,0.14858,-0.00150
-0.02957,0.05693,0.00938
-0.03342,0.05588,-0.02453
0.02791,0.06813,0.01686
-0.08206,0.09997,0.00531
-0.08767,0.15905,-0.00624
0.04821,0.09018,0.02526
-0.09187,0.15072,-0.00506
-0.01955,0.15498,-0.02402
0.05368,0.07863,0.01371
-0.07531,0.07583,0.01406
-0.02152,0.05517,-0.01849
0.05653,0.10243,-0.01779
0.04154,0.10111,0.01184
0.05968,0.11934,-0.00834
0.03801,0.06288,-0.03529
-0.05055,0.10172,0.00776
-0.07122,0.14271,-0.01184
-0.06264,0.14163,-0.02059
0.01212,0.11048,-0.01744
0.05583,0.09963,-0.01534
-0.03692,0.05518,0.00909
-0.02620,0.15318,-0.03704
0.08345,0.08808,0.00391
0.07087,0.09753,0.01476
0.06313,0.13917,-0.02024
-0.04575,0.05562,-0.00041
-0.08137,0.06711,-0.02304
0.05198,0.07827,-0.00216
0.03938,0.13112,-0.03400
-0.03867,0.06577,0.02491
0.02888,0.14267,-0.00299
0.00880,0.10172,-0.01429
-0.07647,0.06392,-0.03821
-0.01172,0.07583,0.01371
-0.07262,0.17443,-0.00309
-0.00854,0.06846,0.01292
0.04671,0.09402,-0.00764
0.03938,0.06575,-0.04334
0.01838,0.05727,0.01931
-0.04322,0.18083,-0.01291
-0.07717,0.14094,0.00426
0.05688,0.11257,-0.02867
-0.05267,0.09928,0.01031
0.06776,0.05867,0.01826
0.08372,0.09577,0.00776
-0.05092,0.16753,0.00581
-0.03947,0.05590,-0.01302
-0.01452,0.10522,0.00185
-0.09222,0.16367,-0.00502
0.03693,0.12623,-0.00401
0.05828,0.10469,-0.01674
-0.09362,0.17313,0.00201
0.02637,0.10383,-0.02794
0.03868,0.06008,-0.04840
0.06493,0.10593,-0.00519
0.04533,0.08142,-0.00556
-0.01907,0.16053,-0.00569
0.01268,0.06390,0.00174
0.05198,0.07553,0.02001
0.05369,0.07512,0.02176
0.00747,0.06112,0.01756
-0.03237,0.18047,-0.00342
0.00788,0.06137,0.02001
0.02783,0.13047,-0.03109
-0.01277,0.13563,-0.01709
-0.04602,0.18188,-0.03748
0.04380,0.05586,-0.00589
-0.10062,0.14524,0.00461
0.01243,0.11397,-0.02654
0.09223,0.13498,-0.01200
0.04883,0.06252,-0.03214
-0.06807,0.11830,-0.01919
-0.08202,0.16792,0.00755
-0.09467,0.16755,-0.00624
0.07751,0.10627,0.00706
-0.01452,0.11398,-0.00142
0.04252,0.07948,0.01629
-0.05511,0.07093,-0.03459
0.04689,0.09227,-0.02689
-0.02502,0.16593,-0.01254
0.04377,0.06151,0.00496
-0.06888,0.07723,0.01651
-0.04182,0.05378,-0.03880
-0.02929,0.15877,-0.02969
0.05160,0.09158,-0.01184
0.07893,0.10593,0.00654
0.01665,0.06392,-0.00659
0.03658,0.07771,0.00601
-0.06982,0.06991,-0.02724
-0.04442,0.11467,0.00041
-0.08335,0.14947,-0.00264
-0.02094,0.16298,-0.04404
0.01663,0.07723,0.00490
-0.04936,0.06638,0.03401
-0.04672,0.17930,-0.03039
-0.07778,0.06358,-0.01569
-0.04742,0.12202,-0.02599
-0.05572,0.15590,0.00272
-0.02642,0.15527,-0.02702
-0.04462,0.07268,0.03090
-0.02607,0.14868,-0.04054
-0.07507,0.06075,-0.03669
-0.01382,0.05623,0.00986
-0.09992,0.14969,0.01371
-0.03097,0.17734,-0.00484
0.04234,0.06234,0.00607
0.03238,0.11398,-0.00694
0.04289,0.14303,-0.00379
0.05793,0.11011,-0.02584
-0.04534,0.05642,-0.00793
-0.02717,0.16262,-0.03564
-0.03657,0.06905,-0.03494
-0.05442,0.13953,-0.01744
0.04148,0.10837,-0.00198
-0.04007,0.06449,0.01651
-0.04742,0.13323,0.00038
-0.05722,0.12832,0.00077
0.06403,0.08983,0.00181
-0.03482,0.05615,0.00951
-0.04042,0.13323,-0.00063
-0.06982,0.12395,-0.00694
-0.05442,0.05378,-0.01744
0.04164,0.07472,0.02071
-0.05512,0.10558,-0.02243
0.04801,0.08493,-0.00729
0.05093,0.07827,0.00490
-0.02439,0.13034,-0.02196
-0.07227,0.14722,0.01234
-0.05886,0.05378,-0.00589
0.03381,0.06345,0.01831
-0.04287,0.10768,-0.01674
0.03391,0.09158,0.02071
0.03063,0.07687,0.02001
-0.09852,0.17106,-0.00379
0.00683,0.14408,-0.03234
-0.04812,0.09648,-0.01544
-0.04637,0.17943,-0.02114
-0.04742,0.10826,-0.02129
0.04883,0.07981,-0.02339
0.03544,0.06323,-0.04859
-0.06907,0.07652,0.01651
-0.01711,0.14881,-0.01035
-0.10132,0.14267,-0.00435
-0.03132,0.12018,-0.01849
-0.05092,0.05973,0.03558
-0.04497,0.05649,0.02981
0.06563,0.06358,0.02446
-0.01665,0.10837,0.00006
0.00966,0.06498,0.00391
-0.02257,0.11853,-0.01766
-0.01837,0.16969,-0.00694
-0.01498,0.12973,-0.02094
0.07438,0.11188,0.00296
-0.01557,0.09195,0.00776
0.03519,0.13323,-0.03354
0.01267,0.11257,-0.02374
0.03483,0.05879,-0.02479
-0.04007,0.11993,-0.00207
-0.03684,0.05343,0.00391
0.02643,0.08710,0.01196
-0.02467,0.15179,-0.04019
-0.01924,0.15359,-0.02491
-0.09252,0.16997,-0.00974
-0.04265,0.10487,-0.01464
0.04368,0.08140,0.01826
-0.02702,0.14968,-0.03426
-0.06786,0.15072,0.00636
0.06822,0.13112,-0.01324
-0.08242,0.15154,0.00041
-0.02082,0.16193,-0.00567
-0.03982,0.18083,-0.03564
-0.01907,0.05763,-0.01891
0.06738,0.07652,0.02446
-0.03762,0.08242,0.02036
-0.03421,0.09682,-0.01464
0.03448,0.13812,-0.00259
-0.07608,0.11607,-0.00484
-0.06282,0.14338,0.01133
0.01523,0.06365,0.02351
0.03273,0.13498,-0.03395
0.03736,0.06772,0.01618
0.05513,0.11363,-0.00484
-0.08508,0.06707,-0.02549
0.05688,0.10593,-0.02377
-0.01487,0.06209,0.00251
-0.03424,0.05656,-0.00344
-0.05232,0.14529,-0.00379
-0.01522,0.05658,0.02508
0.03780,0.06024,-0.00413
-0.00997,0.09112,-0.03214
-0.04287,0.12868,-0.02763
0.03763,0.14933,-0.03237
0.03378,0.11517,-0.02899
0.07193,0.08107,0.00011
0.00613,0.12457,-0.00134
-0.03552,0.09479,-0.01499
-0.05566,0.15737,-0.02794
0.00893,0.10243,-0.01394
0.03386,0.06370,-0.00017
0.06808,0.06280,-0.01324
-0.08452,0.08983,0.00567
-0.06912,0.06017,-0.01954
-0.00227,0.12695,-0.00134
-0.04042,0.08823,0.01581
-0.06746,0.07089,-0.02455
-0.05547,0.13708,-0.00913
-0.05197,0.16262,-0.03162
0.04533,0.14829,-0.03004
-0.04567,0.15772,-0.03459
-0.00577,0.10138,-0.03354
-0.02537,0.15877,-0.00236
-0.04014,0.05628,-0.01274
-0.02712,0.09788,-0.00142
0.02468,0.05658,0.01371
0.01663,0.06594,0.00671
0.01103,0.05833,0.02664
-0.01382,0.06042,0.00802
0.04861,0.09753,0.02071
-0.08662,0.18083,0.00433
-0.04427,0.11292,-0.02218
-0.05715,0.14655,0.00330
-0.05477,0.17733,0.00129
-0.02520,0.08878,0.00741
-0.07157,0.14958,0.00531
0.03162,0.15843,-0.01849
-0.01592,0.05693,-0.00743
0.08271,0.08213,0.00741
-0.02432,0.16648,-0.00449
0.04640,0.08528,0.02281
-0.01225,0.12552,-0.02724
-0.04077,0.06467,0.01791
-0.08912,0.15318,0.00566
-0.05186,0.14242,-0.02035
-0.09432,0.16864,-0.00204
-0.01218,0.06112,-0.00974
0.04813,0.07004,-0.03004
0.05093,0.14092,-0.00585
0.06633,0.06687,0.02526
0.04113,0.05412,-0.01079
-0.03167,0.09533,-0.00344
-0.01697,0.10278,-0.03172
-0.00434,0.08038,-0.02514
-0.05722,0.16058,-0.02794
-0.04252,0.18502,-0.03739
-0.06737,0.11467,-0.02095
-0.02096,0.16157,-0.02339
0.05793,0.14513,-0.01629
0.04757,0.07093,-0.02969
-0.05901,0.14056,-0.02304
0.08978,0.13637,-0.00750
-0.04077,0.18468,-0.01448
-0.06632,0.16817,-0.02234
-0.07927,0.15765,-0.01569
-0.03762,0.17908,-0.01389
0.01838,0.05717,0.02001
-0.05446,0.15934,-0.00839
0.00193,0.13567,-0.00289
0.03413,0.05701,-0.04544
-0.08697,0.16683,-0.00398
-0.01014,0.07334,0.00766
0.04747,0.05552,-0.00029
-0.05862,0.14517,-0.00659
0.04167,0.11432,0.01126
-0.02082,0.06310,0.02421
-0.06705,0.05903,-0.01849
-0.01697,0.08947,0.00896
-0.01767,0.12377,-0.02024
0.02623,0.06674,-0.04086
0.04463,0.07687,-0.03269
0.08103,0.13253,-0.01813
0.00473,0.15493,-0.01938
-0.02607,0.05903,-0.04019
-0.04812,0.14267,-0.02819
0.07264,0.10347,-0.01079
-0.05092,0.16541,0.00671
-0.04042,0.16928,0.00073
-0.08907,0.15263,0.00286
0.05723,0.13883,-0.01010
-0.02729,0.05343,0.01931
-0.06287,0.07128,0.03226
-0.09502,0.14351,0.02036
-0.08802,0.16150,-0.01009
0.02888,0.07723,0.01754
0.07753,0.14442,-0.01455
-0.09538,0.15083,-0.00313
0.04000,0.05885,-0.00513
-0.06807,0.14565,0.01266
0.06213,0.11645,-0.02024
-0.09712,0.17874,-0.00029
0.02851,0.14442,-0.00309
-0.04567,0.17662,-0.00064
-0.01907,0.12377,-0.01902
-0.04077,0.19104,-0.01779
-0.04672,0.17644,-0.02619
0.00403,0.11013,-0.03242
0.05548,0.14897,-0.02056
0.04568,0.05464,-0.01604
-0.05547,0.14525,-0.00624
-0.04147,0.06131,0.03331
-0.08078,0.05903,-0.03844
-0.04252,0.15706,0.00251
0.05778,0.08107,0.01756
0.00718,0.05732,0.01441
-0.08562,0.06603,-0.03074
-0.03681,0.06288,0.02316
-0.08067,0.16028,-0.01114
0.03456,0.07026,0.01535
-0.08841,0.15276,0.01423
-0.01417,0.06062,-0.01604
0.08201,0.10733,-0.00169
-0.07542,0.14197,0.01382
-0.03517,0.15911,-0.03984
-0.04637,0.17697,-0.03390
0.02818,0.05282,-0.01464
0.02888,0.06358,-0.02881
-0.03832,0.17277,-0.03774
0.01173,0.06586,0.00811
-0.02712,0.10385,-0.01779
-0.06177,0.16332,0.01052
-0.02537,0.18506,-0.02724
-0.05267,0.17818,0.00041
-0.06947,0.06742,0.01499
-0.08907,0.15324,0.00601
-0.05681,0.15623,-0.02350
0.04550,0.15318,-0.01604
-0.01646,0.12791,-0.01565
-0.05343,0.13812,-0.02129
-0.03272,0.17663,-0.01769
0.04113,0.14507,-0.03319
-0.07132,0.12168,-0.01044
-0.00886,0.16193,-0.01044
-0.02607,0.07090,-0.03844
0.04046,0.06692,-0.00142
-0.04252,0.17522,-0.03497
0.02818,0.06042,-0.02726
-0.02257,0.09878,0.00111
0.07963,0.09613,-0.00519
0.03343,0.05806,-0.04439
-0.02942,0.17746,-0.02013
-0.03657,0.18257,-0.01507
0.03378,0.12278,-0.02899
0.04393,0.11958,-0.03420
-0.07227,0.14855,-0.01009
-0.07017,0.15835,-0.01534
0.04097,0.07920,0.01141
-0.07544,0.17313,-0.00624
-0.06247,0.16298,0.01054
0.00088,0.14513,-0.01017
-0.03342,0.16683,-0.04156
0.03063,0.06358,-0.04551
0.01138,0.11363,-0.02768
-0.06037,0.05453,-0.01534
-0.00507,0.09857,0.00294
0.04008,0.06382,-0.02794
0.06026,0.11117,-0.02059
-0.08560,0.07337,-0.00099
-0.07262,0.15807,-0.02042
0.06913,0.11967,-0.01814
-0.05407,0.08807,-0.02829
-0.07261,0.17172,-0.01429
0.04918,0.05333,0.01686
0.03693,0.06042,0.01604
0.04498,0.05282,-0.01359
-0.09303,0.16964,0.00043
-0.07321,0.07652,-0.02199
-0.06725,0.06288,0.02246
0.03973,0.12552,-0.00239
0.05233,0.14758,-0.02479
0.02048,0.07337,-0.03158
-0.02117,0.16298,-0.00511
-0.00730,0.14617,-0.02094
-0.07056,0.06218,-0.03389
-0.01564,0.18371,-0.02839
-0.02572,0.07233,-0.03569
-0.05264,0.15698,0.00087
-0.01487,0.06008,0.00778
-0.08102,0.14163,0.00962
-0.07192,0.07036,-0.02129
0.06388,0.05552,0.01686
0.08146,0.10908,-0.00274
-0.03027,0.05588,-0.04089
-0.07612,0.06109,-0.01674
0.05338,0.10662,-0.00652
-0.09747,0.17227,-0.00204
0.05164,0.14652,-0.01079
-0.05057,0.09682,0.00995
-0.04281,0.07618,-0.02899
0.04632,0.08493,0.02596
0.02674,0.06754,0.01208
-0.07122,0.11713,-0.01744
0.04953,0.11188,-0.00262
0.02047,0.12195,-0.01925
-0.02719,0.07512,-0.03284
-0.02306,0.14657,-0.00721
-0.07962,0.09052,0.01101
0.01418,0.06642,0.00671
0.03588,0.06696,0.02211
-0.02747,0.10358,-0.01744
0.00914,0.10312,-0.01394
-0.03132,0.08771,-0.02864
-0.04357,0.10837,-0.01772
0.07088,0.06882,-0.00553
-0.02397,0.14721,-0.00554
-0.05407,0.08808,-0.02826
0.05396,0.13392,-0.03109
-0.07822,0.15782,-0.01359
-0.08752,0.15065,0.01149
-0.06936,0.07443,-0.02619
0.08908,0.13987,-0.00803
-0.01522,0.11231,-0.03039
0.04389,0.10768,0.01406
-0.05981,0.15399,0.00656
-0.09677,0.14408,-0.00505
-0.04602,0.09928,-0.01399
0.04568,0.05391,-0.00834
-0.07402,0.16787,0.01576
0.04673,0.07443,0.01735
0.02223,0.09441,-0.00799
0.08103,0.15002,-0.00677
-0.09082,0.14372,0.01775
-0.09572,0.14040,-0.00414
-0.10031,0.15352,0.00741
-0.06457,0.14407,-0.00029
-0.03797,0.17709,-0.00974
0.03553,0.05727,-0.02380
-0.09955,0.14547,-0.00309
-0.05792,0.06078,-0.02622
-0.05586,0.15563,-0.02549
-0.03692,0.06117,0.01406
-0.06702,0.09227,-0.03067
0.07368,0.08073,-0.00125
-0.02992,0.10138,-0.01120
-0.09257,0.17663,-0.00281
0.03731,0.12247,0.00489
-0.07122,0.11398,-0.01920
-0.03579,0.06953,-0.03634
-0.07367,0.09857,0.01168
-0.07262,0.13980,-0.01534
-0.04131,0.14285,-0.00027
-0.08697,0.17173,0.01651
-0.06211,0.14179,-0.02090
-0.06387,0.07249,0.03891
0.04043,0.07865,0.01195
-0.01487,0.05937,0.00864
-0.04000,0.17522,-0.00064
0.02748,0.15151,-0.00589
0.07228,0.14513,-0.01429
-0.08137,0.16173,0.01098
-0.05621,0.15599,-0.00366
-0.01977,0.05799,0.00811
-0.04602,0.07441,0.03121
-0.08067,0.09608,0.00846
-0.06597,0.06106,0.01336
0.06703,0.10469,-0.00869
0.03693,0.10908,0.01448
0.06129,0.11048,-0.01744
-0.07362,0.09262,-0.02479
-0.06772,0.14282,-0.00834
-0.03132,0.07128,-0.03833
-0.08837,0.17848,0.01126
-0.05407,0.05569,-0.02129
-0.07821,0.06112,0.00076
-0.05995,0.14244,0.00867
-0.03884,0.17313,0.00076
-0.03776,0.05628,-0.00061
-0.03902,0.05448,-0.02291
0.06248,0.06707,-0.00929
-0.08382,0.14303,0.02051
-0.00784,0.13987,-0.02269
-0.02358,0.05867,-0.02444
-0.05022,0.10522,-0.02094
-0.06334,0.15282,0.00741
-0.03307,0.17522,-0.01798
-0.08417,0.14953,-0.00316
-0.08032,0.05827,-0.02619
-0.02850,0.15373,-0.03329
0.05364,0.09857,-0.01884
-0.02686,0.17853,-0.02382
0.06563,0.08964,0.01791
0.05863,0.05693,0.02106
-0.04007,0.16367,-0.03837
0.02503,0.13673,-0.00345
-0.04084,0.15423,-0.03634
0.05949,0.10068,-0.01184
0.04774,0.14583,-0.00694
0.08208,0.09402,0.01197
-0.00227,0.12895,-0.00204
-0.02083,0.14652,-0.02199
0.03833,0.06638,0.01733
-0.06317,0.16861,0.00671
0.05198,0.10803,-0.00484
0.03761,0.06678,0.01669
0.06703,0.11398,-0.01534
-0.04077,0.19061,-0.01744
-0.06177,0.14498,-0.00239
0.04393,0.14209,-0.03319
-0.05813,0.14526,-0.01506
-0.05617,0.14722,-0.02648
0.02048,0.08002,0.01009
-0.01627,0.09857,0.00353
-0.09992,0.15001,0.00041
0.07111,0.06112,0.01861
0.06983,0.10138,0.01066
-0.01577,0.11922,-0.00554
-0.02852,0.16262,-0.04108
0.02258,0.08878,-0.03272
-0.09117,0.14459,-0.00729
0.00368,0.05727,0.02266
0.06913,0.05763,0.01233
0.05080,0.07443,0.02071
0.04813,0.09367,0.02560
0.04918,0.09158,-0.01500
0.04550,0.08493,-0.01814
-0.02327,0.08737,0.00810
0.05163,0.14861,-0.02444
-0.06002,0.07477,0.02351
0.01873,0.05695,0.02036
-0.04587,0.18188,-0.01569
0.00676,0.09542,-0.01674
-0.09401,0.15170,0.00117
-0.01837,0.05903,0.00300
-0.03797,0.05518,0.00916
0.02713,0.13606,-0.00344
0.03868,0.14853,-0.03249
-0.08045,0.17488,-0.00519
-0.02539,0.07162,-0.03634
-0.05651,0.15497,0.00590
0.07124,0.08493,-0.00029
-0.04496,0.09753,-0.00309
-0.03587,0.08978,-0.02339
0.06738,0.10627,0.00286
-0.04322,0.14968,0.00332
-0.07797,0.06288,-0.01674
-0.08347,0.06494,-0.03774
0.00543,0.06161,0.01266
-0.05477,0.11538,0.00675
-0.01767,0.16962,-0.00767
0.01663,0.07919,0.00251
-0.01767,0.05653,0.00881
0.01558,0.15643,-0.01779
-0.01207,0.05552,0.01861
0.00358,0.09928,-0.00414
-0.02557,0.16403,-0.02024
-0.01767,0.12123,-0.02129
0.02860,0.08772,0.01616
-0.06072,0.05460,-0.01534
-0.07052,0.07827,-0.02898
0.03868,0.10605,0.02176
-0.03977,0.05596,-0.00071
0.03483,0.07898,0.02837
0.05758,0.05693,-0.02573
0.00543,0.06061,0.01161
0.07578,0.13462,-0.00861
0.01587,0.07815,-0.00339
-0.07533,0.06008,-0.03599
0.04743,0.14303,-0.00504
0.04218,0.13323,-0.00203
0.01620,0.08213,-0.00799
-0.05092,0.17733,-0.03494
0.04708,0.14722,-0.00760
-0.02082,0.07758,-0.03564
0.00473,0.06112,0.01249
-0.05945,0.14547,-0.00344
-0.02362,0.09786,0.00146
0.00438,0.11958,-0.00099
0.00123,0.09508,-0.00230
0.02930,0.06988,0.02281
0.03064,0.12587,-0.02689
0.07113,0.14688,-0.00939
-0.08500,0.16450,0.01201
0.05225,0.05307,-0.00799
-0.10027,0.15702,0.00617
0.05338,0.06726,-0.02654
-0.01067,0.11188,0.00116
-0.04602,0.06510,0.01861
0.00788,0.14999,-0.02794
-0.05691,0.15690,-0.01198
-0.03202,0.17431,-0.03669
0.03448,0.05622,-0.02339
0.07121,0.08388,0.00006
-0.03902,0.06288,0.01456
-0.04392,0.09018,-0.01693
-0.02572,0.14968,-0.03901
-0.01802,0.07335,0.01756
0.01578,0.08353,-0.00939
-0.05345,0.05552,0.01826
-0.02257,0.11607,-0.01811
-0.00192,0.09928,0.00132
-0.03587,0.16542,-0.04058
0.07228,0.09823,-0.00729
-0.03658,0.18852,-0.01779
-0.00122,0.14758,-0.01744
0.00749,0.06323,0.02281
0.07948,0.07548,0.00566
-0.07472,0.11013,-0.01776
0.04708,0.12483,-0.00189
-0.07056,0.14306,-0.01264
0.02888,0.09508,-0.00443
0.07376,0.07792,0.02351
-0.04532,0.09786,-0.00239
-0.05687,0.08980,-0.02864
0.00788,0.05687,0.01231
0.02748,0.05454,0.00391
-0.07192,0.06077,-0.03144
0.05758,0.11467,-0.02821
0.02726,0.11083,-0.01954
-0.06807,0.05552,-0.01217
-0.05127,0.14267,-0.00693
-0.02267,0.15668,-0.02094
-0.01557,0.05331,0.01161
-0.03049,0.08737,0.00881
-0.01417,0.13323,-0.02117
0.06878,0.09473,-0.00268
-0.00192,0.13392,-0.03234
-0.04842,0.17663,0.00006
0.07753,0.14092,-0.01680
-0.09173,0.16896,-0.00024
-0.08550,0.05903,-0.01954
-0.03662,0.14275,0.00077
-0.04217,0.18322,-0.01394
0.05955,0.13847,-0.01394
0.05443,0.14513,-0.02480
-0.06072,0.14607,0.00356
0.07261,0.06112,0.01091
-0.08382,0.14006,0.01966
0.07753,0.13778,-0.00746
-0.03447,0.17172,-0.02584
-0.02922,0.14547,-0.00342
-0.03867,0.17488,-0.02551
-0.02432,0.15737,-0.01311
-0.03307,0.05920,0.01336
-0.04042,0.17870,-0.01184
0.03106,0.08107,0.01966
-0.04656,0.10068,-0.01499
-0.10494,0.14547,0.00181
-0.09357,0.17627,-0.00379
0.03658,0.11188,-0.03225
0.04714,0.07792,-0.01254
0.02748,0.06830,0.01966
-0.05722,0.06042,-0.03525
0.05478,0.09788,-0.01440
-0.01347,0.12868,-0.02286
-0.04952,0.11099,-0.02339
-0.07297,0.11607,-0.01604
0.02188,0.06323,0.01933
-0.06016,0.15527,-0.00821
0.04078,0.11013,0.00949
0.04848,0.07652,-0.01639
0.07873,0.11398,-0.01009
0.03728,0.06878,0.02246
-0.05442,0.16717,-0.03033
-0.04732,0.15948,-0.03424
0.00876,0.05720,0.00244
-0.01522,0.07061,0.02036
-0.06947,0.06182,-0.03144
0.03971,0.06527,-0.00102
0.00368,0.10172,-0.02901
-0.06667,0.17383,0.00128
0.04597,0.13287,-0.00204
-0.03622,0.14968,-0.03667
-0.04287,0.09141,0.00916
0.03973,0.08353,0.03015
0.04630,0.08073,-0.01114
0.01319,0.08566,-0.01689
-0.05862,0.06532,-0.03578
-0.02502,0.17946,-0.02393
-0.02607,0.16997,-0.00416
0.03658,0.13149,-0.00309
-0.07542,0.08202,-0.02199
0.00018,0.12361,-0.00064
-0.07332,0.06112,-0.03487
0.03413,0.05594,0.02141
-0.04602,0.15493,-0.03314
-0.02537,0.10977,-0.01773
0.06843,0.05572,-0.00064
-0.05617,0.05458,-0.00764
-0.08300,0.17417,-0.00659
-0.03679,0.10982,-0.01459
0.00927,0.06498,0.00706
-0.03517,0.19173,-0.02059
-0.05267,0.15651,-0.00105
-0.03342,0.08037,0.01931
0.04813,0.15586,-0.01779
-0.08242,0.16473,0.00999
0.01243,0.06568,0.00846
0.02853,0.06567,-0.03062
-0.05127,0.14408,-0.02842
-0.06171,0.13078,-0.01254
-0.03902,0.15563,0.00097
0.03475,0.05462,-0.00031
-0.00507,0.11643,0.00066
0.02328,0.06532,-0.04291
-0.01067,0.19109,-0.03039
-0.01765,0.06008,0.00671
-0.07717,0.14968,0.01196
0.08231,0.10278,0.00531
0.06668,0.06050,0.02176
0.03448,0.10438,0.01896
-0.02121,0.14128,-0.02374
-0.01802,0.16619,-0.00764
0.07766,0.06918,0.00846
0.03973,0.15002,-0.00695
0.05198,0.12412,-0.00271
-0.07817,0.14933,-0.00519
-0.02187,0.05661,0.00426
0.01138,0.13987,-0.03469
-0.08158,0.10768,-0.00834
-0.06422,0.15702,-0.02339
-0.07367,0.16500,-0.01744
-0.05338,0.16048,-0.00573
-0.06107,0.16034,0.00496
0.01227,0.07192,-0.01263
0.07543,0.13917,-0.00789
0.04918,0.06069,-0.03004
0.01692,0.06427,-0.02409
-0.06877,0.14547,-0.02009
0.01350,0.06974,-0.01040
0.01453,0.11503,-0.02271
-0.06743,0.16717,-0.02164
-0.08487,0.14933,0.01615
0.02223,0.13533,-0.00379
-0.03027,0.07162,0.02087
0.03658,0.13392,-0.00251
-0.03447,0.18557,-0.02234
-0.05162,0.16170,-0.03214
-0.03443,0.05708,-0.00577
0.05128,0.05412,-0.01079
0.08278,0.10396,0.00146
0.01733,0.06008,0.00613
-0.07192,0.17666,-0.01359
-0.06142,0.05330,-0.00449
0.01978,0.09648,-0.02513
0.03553,0.10207,0.02110
0.05233,0.10387,-0.00729
-0.02511,0.17977,-0.02124
-0.05186,0.14203,-0.02325
0.02923,0.05646,0.02281
-0.03985,0.05624,0.00127
0.06283,0.08597,0.00235
-0.03622,0.17339,-0.00064
-0.03517,0.08986,0.00776
-0.05446,0.15680,-0.00431
-0.01557,0.17067,-0.00799
0.03903,0.11328,0.01501
0.04113,0.15388,-0.01400
0.03448,0.15982,-0.02274
0.01908,0.16087,-0.02080
-0.06502,0.06252,0.01756
-0.00297,0.09542,0.00188
0.02293,0.05733,0.01336
0.00863,0.10032,-0.01464
0.04918,0.12448,-0.00200
-0.03518,0.15143,-0.03809
-0.09047,0.14303,0.01864
-0.08837,0.17033,-0.00989
0.05303,0.10487,-0.00725
-0.05862,0.11922,0.00644
0.06020,0.14688,-0.01744
0.00788,0.13462,-0.00213
-0.00472,0.07337,-0.01811
-0.01552,0.13732,-0.01871
0.07823,0.08073,-0.00100
0.08313,0.14654,-0.01149
-0.05092,0.17310,-0.03214
0.03553,0.15912,-0.02326
0.04498,0.10108,0.02526
-0.03972,0.15213,0.00148
0.04718,0.07550,-0.00046
-0.06002,0.05507,-0.01779
-0.04147,0.05658,-0.03986
0.00832,0.11607,-0.00449
-0.02808,0.16928,-0.03739
-0.08837,0.05903,-0.02139
0.00333,0.09542,-0.02584
0.05093,0.05360,-0.01044
0.02073,0.06000,0.00708
-0.02922,0.16437,-0.00222
0.05023,0.07618,-0.01849
0.06458,0.13078,-0.02000
0.02332,0.07500,-0.03377
-0.04042,0.12727,-0.02753
-0.05162,0.17420,0.00321
-0.06562,0.07792,-0.03317
0.00928,0.06318,0.01896
-0.06947,0.05594,-0.01149
0.03623,0.10662,-0.03359
0.09083,0.14583,-0.00472
-0.06177,0.14477,0.01128
0.07123,0.13953,-0.01676
-0.06737,0.11328,0.00776
-0.08374,0.09717,0.00251
0.05408,0.07452,-0.00344
-0.03657,0.18222,-0.01499
-0.05932,0.18047,-0.01424
-0.05939,0.15538,-0.00998
-0.02047,0.16588,-0.01219
-0.06667,0.17191,-0.02409
-0.09677,0.17172,-0.00837
-0.02377,0.06078,-0.03669
-0.09712,0.14372,-0.00510
0.02749,0.06813,-0.03564
0.04077,0.07039,0.01440
0.03271,0.09141,0.01370
0.05933,0.05413,-0.01709
0.03426,0.08983,0.02561
-0.05827,0.07758,0.02249
0.03763,0.08703,0.03095
-0.05179,0.15072,-0.02829
0.02503,0.06603,-0.04691
-0.02013,0.13743,-0.02236
-0.07016,0.11922,-0.01674
-0.06644,0.09753,-0.02304
-0.08446,0.08178,0.00601
-0.05092,0.05727,-0.02354
-0.09152,0.16314,-0.01079
-0.04917,0.08889,-0.02164
-0.07505,0.11188,-0.01674
0.02811,0.08563,0.01721
-0.02782,0.16612,-0.04181
-0.03622,0.14267,-0.03031
-0.07284,0.17103,-0.01429
0.03529,0.08920,0.01183
-0.06492,0.16726,-0.02444
0.03748,0.06840,0.02063
-0.02362,0.05512,0.02526
0.08523,0.13987,-0.01523
-0.04287,0.07128,0.02917
0.05384,0.13567,-0.03074
0.06429,0.09193,0.00636
-0.06912,0.14280,-0.00414
-0.07017,0.17756,-0.00239
-0.08032,0.16892,-0.00898
-0.08417,0.06323,-0.02387
-0.02327,0.06288,-0.02899
-0.02922,0.15072,-0.00202
0.03581,0.08536,0.00928
-0.07561,0.16514,-0.00024
0.05058,0.09227,-0.00959
0.00604,0.05763,0.02176
0.07578,0.09018,-0.00372
-0.06788,0.07171,-0.02339
-0.01768,0.05763,0.00111
-0.01102,0.06506,-0.01814
-0.07178,0.16332,0.00531
-0.06002,0.06603,0.03762
-0.06982,0.17079,-0.02129
-0.06761,0.06813,0.02036
-0.00595,0.08002,0.00181
-0.01522,0.09648,-0.03283
-0.07600,0.08493,-0.02234
0.02223,0.06288,0.02069
-0.03804,0.11643,-0.00904
0.08026,0.09123,0.01546
0.06464,0.09262,0.00776
0.03308,0.06272,-0.04019
0.03544,0.11290,0.00681
-0.04707,0.10732,0.00111
0.07635,0.06638,0.01441
-0.02292,0.15282,-0.00444
-0.03657,0.13462,-0.00210
-0.01697,0.10347,-0.03163
